user_id,name,email,phone
1,User 1,user1@example.com,9000000001
2,User 2,user2@example.com,9000000002
3,User 3,user3@example.com,9000000003
4,User 4,user4@example.com,9000000004
5,User 5,user5@example.com,9000000005
6,User 6,user6@example.com,9000000006
7,User 7,user7@example.com,9000000007
8,User 8,user8@example.com,9000000008
9,User 9,user9@example.com,9000000009
10,User 10,user10@example.com,9000000010
11,User 11,user11@example.com,9000000011
12,User 12,user12@example.com,9000000012
13,User 13,user13@example.com,9000000013
14,User 14,user14@example.com,9000000014
15,User 15,user15@example.com,9000000015
16,User 16,user16@example.com,9000000016
17,User 17,user17@example.com,9000000017
18,User 18,user18@example.com,9000000018
19,User 19,user19@example.com,9000000019
20,User 20,user20@example.com,9000000020
21,User 21,user21@example.com,9000000021
22,User 22,user22@example.com,9000000022
23,User 23,user23@example.com,9000000023
24,User 24,user24@example.com,9000000024
25,User 25,user25@example.com,9000000025
26,User 26,user26@example.com,9000000026
27,User 27,user27@example.com,9000000027
28,User 28,user28@example.com,9000000028
29,User 29,user29@example.com,9000000029
30,User 30,user30@example.com,9000000030
31,User 31,user31@example.com,9000000031
32,User 32,user32@example.com,9000000032
33,User 33,user33@example.com,9000000033
34,User 34,user34@example.com,9000000034
35,User 35,user35@example.com,9000000035
36,User 36,user36@example.com,9000000036
37,User 37,user37@example.com,9000000037
38,User 38,user38@example.com,9000000038
39,User 39,user39@example.com,9000000039
40,User 40,user40@example.com,9000000040
41,User 41,user41@example.com,9000000041
42,User 42,user42@example.com,9000000042
43,User 43,user43@example.com,9000000043
44,User 44,user44@example.com,9000000044
45,User 45,user45@example.com,9000000045
46,User 46,user46@example.com,9000000046
47,User 47,user47@example.com,9000000047
48,User 48,user48@example.com,9000000048
49,User 49,user49@example.com,9000000049
50,User 50,user50@example.com,9000000050
51,User 51,user51@example.com,9000000051
52,User 52,user52@example.com,9000000052
53,User 53,user53@example.com,9000000053
54,User 54,user54@example.com,9000000054
55,User 55,user55@example.com,9000000055
56,User 56,user56@example.com,9000000056
57,User 57,user57@example.com,9000000057
58,User 58,user58@example.com,9000000058
59,User 59,user59@example.com,9000000059
60,User 60,user60@example.com,9000000060
61,User 61,user61@example.com,9000000061
62,User 62,user62@example.com,9000000062
63,User 63,user63@example.com,9000000063
64,User 64,user64@example.com,9000000064
65,User 65,user65@example.com,9000000065
66,User 66,user66@example.com,9000000066
67,User 67,user67@example.com,9000000067
68,User 68,user68@example.com,9000000068
69,User 69,user69@example.com,9000000069
70,User 70,user70@example.com,9000000070
71,User 71,user71@example.com,9000000071
72,User 72,user72@example.com,9000000072
73,User 73,user73@example.com,9000000073
74,User 74,user74@example.com,9000000074
75,User 75,user75@example.com,9000000075
76,User 76,user76@example.com,9000000076
77,User 77,user77@example.com,9000000077
78,User 78,user78@example.com,9000000078
79,User 79,user79@example.com,9000000079
80,User 80,user80@example.com,9000000080
81,User 81,user81@example.com,9000000081
82,User 82,user82@example.com,9000000082
83,User 83,user83@example.com,9000000083
84,User 84,user84@example.com,9000000084
85,User 85,user85@example.com,9000000085
86,User 86,user86@example.com,9000000086
87,User 87,user87@example.com,9000000087
88,User 88,user88@example.com,9000000088
89,User 89,user89@example.com,9000000089
90,User 90,user90@example.com,9000000090
91,User 91,user91@example.com,9000000091
92,User 92,user92@example.com,9000000092
93,User 93,user93@example.com,9000000093
94,User 94,user94@example.com,9000000094
95,User 95,user95@example.com,9000000095
96,User 96,user96@example.com,9000000096
97,User 97,user97@example.com,9000000097
98,User 98,user98@example.com,9000000098
99,User 99,user99@example.com,9000000099
100,User 100,user100@example.com,9000000100
